Store,Category,Month,Units_Sold,Unit_Price,Discount,Gross_Revenue,Net_Revenue,Discount_Amt
Store_D,Sports,Oct,72,489.33,0.15,35231.76,29947.0,5284.76
Store_B,Electronics,Oct,115,215.49,0.0,24781.350000000002,24781.35,0.0
Store_D,Sports,Jan,12,196.66,0.1,2359.92,2123.93,235.99
Store_D,Groceries,Jul,24,350.08,0.2,8401.92,6721.54,1680.38
Store_A,Electronics,Aug,58,377.87,0.2,21916.46,17533.17,4383.29
Store_A,Groceries,Sep,78,278.76,0.15,21743.28,18481.79,3261.49
Store_C,Clothing,Aug,104,198.48,0.1,20641.92,18577.73,2064.19
Store_A,Clothing,Jan,21,110.38,0.2,2317.98,1854.38,463.6
Store_A,Sports,Aug,28,189.29,0.1,5300.12,4770.11,530.01
Store_A,Sports,Aug,101,145.26,0.1,14671.259999999998,13204.13,1467.13
Store_B,Books,Dec,96,148.53,0.1,14258.880000000001,12832.99,1425.89
Store_A,Books,Feb,35,493.25,0.0,17263.75,17263.75,0.0
Store_B,Clothing,Mar,88,218.96,0.2,19268.48,15414.78,3853.7
Store_D,Books,Dec,63,208.55,0.15,13138.650000000001,11167.85,1970.8
Store_B,Books,Oct,14,266.93,0.15,3737.02,3176.47,560.55
Store_A,Sports,Dec,40,328.07,0.1,13122.8,11810.52,1312.28
Store_A,Groceries,Nov,59,473.07,0.2,27911.13,22328.9,5582.23
Store_C,Books,Sep,59,373.51,0.2,22037.09,17629.67,4407.42
Store_A,Books,Aug,86,168.97,0.2,14531.42,11625.14,2906.28
Store_A,Sports,Oct,46,136.4,0.0,6274.400000000001,6274.4,0.0
Store_A,Groceries,Jul,109,401.51,0.05,43764.59,41576.36,2188.23
Store_C,Sports,Feb,98,402.23,0.0,39418.54,39418.54,0.0
Store_B,Clothing,Jul,81,145.52,0.15,11787.12,10019.05,1768.07
Store_C,Clothing,Aug,26,395.5,0.15,10283.0,8740.55,1542.45
Store_B,Books,Jul,102,242.37,0.1,24721.74,22249.57,2472.17
Store_A,Electronics,Apr,60,382.65,0.15,22959.0,19515.15,3443.85
Store_B,Sports,Aug,90,470.4,0.1,42336.0,38102.4,4233.6
Store_D,Groceries,Jan,10,72.79,0.0,727.9000000000001,727.9,0.0
Store_B,Clothing,Sep,96,215.02,0.0,20641.920000000002,20641.92,0.0
Store_C,Electronics,Mar,100,26.5,0.05,2650.0,2517.5,132.5
Store_B,Clothing,Jun,48,138.89,0.0,6666.719999999999,6666.72,-0.0
Store_A,Clothing,Feb,115,318.48,0.1,36625.200000000004,32962.68,3662.52
Store_D,Groceries,Jan,82,92.45,0.15,7580.900000000001,6443.76,1137.14
Store_C,Books,Sep,102,27.41,0.15,2795.82,2376.45,419.37
Store_C,Books,Jul,47,412.63,0.0,19393.61,19393.61,0.0
Store_D,Electronics,Mar,108,83.25,0.0,8991.0,8991.0,0.0
Store_A,Clothing,Sep,103,219.26,0.1,22583.78,20325.4,2258.38
Store_B,Electronics,Oct,16,470.92,0.0,7534.72,7534.72,0.0
Store_A,Sports,Dec,98,417.01,0.05,40866.979999999996,38823.63,2043.35
Store_A,Electronics,Aug,97,181.79,0.05,17633.63,16751.95,881.68
Store_A,Books,Oct,82,230.68,0.0,18915.760000000002,18915.76,0.0
Store_C,Electronics,Feb,80,372.55,0.2,29804.0,23843.2,5960.8
Store_D,Clothing,Dec,81,371.17,0.05,30064.77,28561.53,1503.24
Store_C,Electronics,Dec,102,195.4,0.0,19930.8,19930.8,0.0
Store_D,Electronics,Jun,39,397.18,0.15,15490.02,13166.52,2323.5
Store_D,Sports,Dec,54,145.4,0.2,7851.6,6281.28,1570.32
Store_C,Clothing,Jul,23,10.91,0.2,250.93,200.74,50.19
Store_B,Electronics,Nov,51,13.03,0.2,664.53,531.62,132.91
Store_C,Sports,Jul,93,199.61,0.1,18563.73,16707.36,1856.37
Store_D,Electronics,Jun,109,218.07,0.15,23769.63,20204.19,3565.44
Store_D,Groceries,Jun,91,141.12,0.0,12841.92,12841.92,0.0
Store_D,Sports,Jan,104,73.54,0.15,7648.160000000001,6500.94,1147.22
Store_A,Sports,Feb,26,236.52,0.1,6149.52,5534.57,614.95
Store_A,Electronics,Dec,76,318.48,0.2,24204.480000000003,19363.58,4840.9
Store_C,Books,Aug,91,286.88,0.1,26106.079999999998,23495.47,2610.61
Store_C,Clothing,Feb,13,261.49,0.05,3399.37,3229.4,169.97
Store_C,Books,Dec,86,192.88,0.0,16587.68,16587.68,0.0
Store_A,Electronics,Feb,103,326.66,0.0,33645.98,33645.98,0.0
Store_C,Clothing,Dec,6,109.72,0.0,658.3199999999999,658.32,-0.0
Store_B,Books,Apr,48,263.99,0.05,12671.52,12037.94,633.58
